Product;;
Product;;
Product;Yield;Error
H1;1.711E-5;1.8479E-6
H2;8.4E-6;1.5036E-6
H3;1.08E-4;3.996E-6
He3;1.08E-4;3.996E-6
He4;0.0017021;4.93E-5
He6;2.668E-5;1.8409E-6
Li6;2.668E-5;1.8409E-6
Li8;7.292E-7;1.1813E-7
Li9;4.071E-7;2.8497E-8
Be8;1.3418E-6;1.1813E-7
Be9;6.1268E-7;2.8497E-8
Be10;5.201E-6;2.5485E-7
Be12;1.261E-7;3.0138E-8
B9;4.071E-7;2.8497E-8
B10;5.201E-6;2.5485E-7
B12;2.522E-7;3.0138E-8
C12;2.4822E-7;3.0138E-8
C14;1.578E-6;2.4301E-7
C15;2.528E-7;3.2358E-8
N15;2.528E-7;3.2358E-8
Ne21;2.146E-6;4.3564E-7
Ti56;1.0104E-12;1.1963E-12
V56;2.3225E-12;2.3344E-12
V57;4.1709E-12;4.3079E-12
V58;3.4908E-12;4.339E-12
V59;5.7807E-12;7.4308E-12
V60;1.4853E-12;2.143E-12
Cr56;2.3392E-12;2.3502E-12
Cr57;7.9705E-12;5.5641E-12
Cr58;8.5802E-12;8.8739E-12
Cr59;2.0541E-11;2.0798E-11
Cr60;3.9478E-11;4.0847E-11
Cr61;2.5325E-11;3.2779E-11
Cr62;3.3905E-11;4.5791E-11
Cr63;7.3683E-12;1.0693E-11
Cr64;2.4833E-12;3.6424E-12
Mn56;2.3392E-12;2.3502E-12
Mn57;7.9705E-12;5.5641E-12
Mn58;8.5802E-12;8.8739E-12
Mn59;2.517E-11;2.5221E-11
Mn60;4.2262E-11;4.3135E-11
Mn60m;1.223E-11;1.5757E-11
Mn61;1.0852E-10;1.0884E-10
Mn62;1.2664E-10;1.3807E-10
Mn62m;3.6644E-11;4.3218E-11
Mn63;3.0094E-10;3.268E-10
Mn64;1.3972E-10;1.894E-10
Mn65;1.4878E-10;2.0983E-10
Mn66;2.7372E-11;3.9881E-11
Mn67;7.1178E-12;1.0439E-11
Fe56;2.3392E-12;2.3502E-12
Fe57;7.9705E-12;5.5641E-12
Fe58;8.5802E-12;8.8739E-12
Fe59;2.517E-11;2.5221E-11
Fe60;5.3085E-11;5.3194E-11
Fe61;1.138E-10;1.1402E-10
Fe62;2.4353E-10;2.4402E-10
Fe63;5.0474E-10;5.0587E-10
Fe64;1.0236E-9;1.028E-9
Fe65;1.3022E-9;1.41E-9
Fe66;2.338E-9;2.6642E-9
Fe67;8.7006E-10;1.2138E-9
Fe68;6.6088E-10;9.5092E-10
Fe69;1.0385E-10;1.5142E-10
Fe70;1.993E-11;2.9158E-11
Co59;2.517E-11;2.5221E-11
Co61;1.138E-10;1.1402E-10
Co62;2.4353E-10;2.4402E-10
Co63;5.2037E-10;5.2141E-10
Co64;1.1082E-9;1.1104E-9
Co65;2.3485E-9;2.3532E-9
Co66;4.6689E-9;4.6847E-9
Co67;9.1437E-9;9.2459E-9
Co68;6.4166E-9;7.2968E-9
Co68m;4.3916E-9;5.4232E-9
Co69;1.4241E-8;1.7653E-8
Co70;2.009E-9;2.9051E-9
Co70m;2.0289E-9;2.9188E-9
Co71;2.3729E-9;3.4383E-9
Co72;3.0293E-10;4.3781E-10
Co73;4.6362E-11;2.0991E-11
Co74;2.402E-12;1.0449E-12
Ni61;1.138E-10;1.1402E-10
Ni62;2.4353E-10;2.4402E-10
Ni63;5.2037E-10;5.2141E-10
Ni64;1.1082E-9;1.1104E-9
Ni65;2.3638E-9;2.3685E-9
Ni66;5.0383E-9;5.0484E-9
Ni67;1.0716E-8;1.0737E-8
Ni68;2.2733E-8;2.2779E-8
Ni69;2.8048E-8;2.94E-8
Ni69m;1.395E-8;1.724E-8
Ni70;8.1955E-8;8.3819E-8
Ni71;6.2549E-8;7.7128E-8
Ni72;9.0529E-8;1.1783E-7
Ni73;2.1014E-8;9.2498E-9
Ni74;1.4133E-8;6.1129E-9
Ni75;1.0069E-9;3.911E-10
Ni76;5.1404E-10;2.1252E-10
Ni77;1.2128E-11;4.3672E-12
Cu63;5.2037E-10;5.2141E-10
Cu65;2.3638E-9;2.3685E-9
Cu66;5.0383E-9;5.0484E-9
Cu67;1.0742E-8;1.0762E-8
Cu68;2.302E-8;2.2956E-8
Cu68m;2.2681E-10;3.2985E-10
Cu69;4.8711E-8;4.8809E-8
Cu70;1.2944E-8;1.565E-8
Cu70m;2.2583E-8;2.739E-8
Cu70n;8.3607E-8;8.5208E-8
Cu71;2.1627E-7;2.1677E-7
Cu72;3.5446E-7;3.6271E-7
Cu73;6.4863E-7;1.3333E-7
Cu74;6.5418E-7;2.1346E-7
Cu75;4.9848E-7;1.7589E-7
Cu76;1.9717E-7;8.0768E-8
Cu76m;1.9717E-7;8.0768E-8
Cu77;1.1285E-7;4.0538E-8
Cu78;8.736E-9;2.9621E-9
Cu79;1.0631E-9;3.639E-10
Cu80;3.3921E-11;1.0733E-11
Zn66;5.0383E-9;5.0484E-9
Zn67;1.0742E-8;1.0762E-8
Zn68;2.3056E-8;2.2956E-8
Zn69;4.8732E-8;4.8829E-8
Zn69m;1.6597E-11;2.4225E-11
Zn70;1.0445E-7;1.0461E-7
Zn71;2.1766E-7;2.1814E-7
Zn71m;6.0013E-9;8.6139E-9
Zn72;4.8099E-7;4.8195E-7
Zn73;8.581E-7;1.6303E-7
Zn73m;1.759E-7;5.0084E-8
Zn73n;2.6E-7;8.0347E-8
Zn74;3.2307E-6;4.9838E-7
Zn75;5.7224E-6;6.3663E-7
Zn76;2.9069E-5;5.2521E-6
Zn77;1.6899E-5;3.828E-6
Zn77m;2.3839E-6;6.9002E-7
Zn78;3.3805E-5;7.9645E-6
Zn79;6.9755E-6;2.2888E-6
Zn80;2.2625E-6;7.0871E-7
Zn81;2.091E-8;7.0495E-9
Zn82;1.2083E-9;4.2262E-10
Ga69;4.8732E-8;4.8829E-8
Ga71;2.2368E-7;2.2413E-7
Ga72;4.8162E-7;4.8256E-7
Ga72m;1.6091E-8;1.8915E-8
Ga73;1.0076E-6;1.8944E-7
Ga74;2.6071E-6;4.1204E-7
Ga74m;3.3359E-6;5.139E-7
Ga75;7.787E-6;7.8188E-7
Ga76;4.0342E-5;6.6955E-6
Ga77;5.2494E-5;5.368E-6
Ga78;9.7145E-5;1.0315E-5
Ga79;1.1647E-4;2.0413E-5
Ga80;1.3071E-4;2.4748E-5
Ga81;4.3416E-5;1.2542E-5
Ga82;1.5706E-5;5.1781E-6
Ga83;4.8588E-7;1.9368E-7
Ga84;1.4445E-8;6.5225E-9
Ga85;4.7349E-10;1.8574E-10
Ge72;4.8162E-7;4.8256E-7
Ge73;1.0077E-6;1.8944E-7
Ge73m;9.9285E-7;1.8667E-7
Ge74;3.4427E-6;5.2745E-7
Ge75;8.3082E-6;8.3083E-7
Ge75m;7.6384E-7;1.7147E-7
Ge76;4.7647E-5;7.8141E-6
Ge77;3.864E-5;4.9132E-6
Ge77m;5.6752E-5;5.3827E-6
Ge78;2.0274E-4;9.7342E-6
Ge79;1.7163E-4;2.0869E-5
Ge79m;2.876E-4;2.6856E-5
Ge80;0.0010162;6.0487E-5
Ge81;8.6912E-4;9.8754E-5
Ge81m;2.1513E-4;3.2892E-5
Ge82;7.7596E-4;1.8003E-4
Ge83;3.2573E-4;1.4087E-4
Ge84;1.1412E-4;5.5066E-5
Ge85;3.2159E-5;1.2803E-5
Ge86;8.665E-6;3.0056E-6
Ge87;7.6601E-9;2.7396E-9
As75;8.3085E-6;8.3085E-7
As75m;2.4003E-10;5.6251E-11
As76;2.3177E-9;9.5819E-10
As77;8.4743E-5;6.6945E-6
As78;2.0481E-4;9.8208E-6
As79;4.6987E-4;3.759E-5
As80;0.001241;7.0749E-5
As81;0.0017667;1.2674E-4
As82;0.0011357;1.6834E-4
As82m;0.0010855;1.4772E-4
As83;0.0020993;3.1681E-4
As84;5.7945E-4;2.3253E-4
As84m;5.7945E-4;2.3253E-4
As85;8.6304E-4;3.3065E-4
As86;3.9054E-4;1.3547E-4
As87;1.3913E-4;5.0611E-5
As88;1.567E-5;6.0745E-6
As89;2.0663E-6;8.0712E-7
As90;2.5179E-9;9.6387E-10
Se76;2.3177E-9;9.5819E-10
Se77;8.4743E-5;6.6945E-6
Se77m;1.2273E-11;4.4194E-12
Se78;2.0482E-4;9.8208E-6
Se79;4.7133E-4;3.7706E-5
Se79m;4.5897E-4;3.6735E-5
Se80;0.0012591;7.1478E-5
Se81;0.001931;1.371E-4
Se81m;2.0608E-4;4.1449E-5
Se82;0.0032236;1.8697E-4
Se83;0.0034829;2.1016E-4
Se83m;0.0019748;2.2499E-4
Se84;0.0097357;2.4388E-4
Se85;0.010547;2.3385E-4
Se86;0.010153;8.0523E-4
Se87;0.0055641;0.0013353
Se88;0.0027162;0.0010223
Se89;7.8557E-4;3.1001E-4
Se90;2.1813E-4;8.3944E-5
Se91;1.7631E-5;6.2168E-6
Se92;2.022E-6;7.0375E-7
Br79;2.5705E-7;3.1099E-8
Br79m;1.5658E-11;5.3599E-12
Br80;1.4586E-9;3.6868E-10
Br80m;1.0956E-9;3.4662E-10
Br81;0.0019313;1.3712E-4
Br82;2.7016E-6;7.2811E-7
Br82m;8.1415E-7;2.8434E-7
Br83;0.0055294;2.1512E-4
Br84;0.0099217;2.4805E-4
Br84m;1.8606E-4;7.7565E-5
Br85;0.013038;1.4534E-4
Br86;0.017291;3.3791E-4
Br87;0.018358;8.0183E-4
Br88;0.013775;0.0018764
Br89;0.010384;0.0024386
Br90;0.004874;0.001609
Br91;0.0020269;6.8804E-4
Br92;3.0464E-4;1.0497E-4
Br93;6.2514E-5;2.2504E-5
Br94;3.4704E-6;1.3122E-6
Br95;7.2593E-9;2.6978E-9
Kr80;1.3375E-9;3.3808E-10
Kr82;2.7218E-6;7.2839E-7
Kr83;0.0055294;2.1512E-4
Kr83m;0.0055245;2.1512E-4
Kr84;0.010137;2.489E-4
Kr85;0.002965;2.1393E-4
Kr85m;0.013052;1.4529E-4
Kr86;0.019994;2.3568E-4
Kr87;0.025727;3.549E-4
Kr88;0.034955;7.9994E-4
Kr89;0.044367;6.9101E-4
Kr90;0.047174;0.0013084
Kr91;0.032571;0.0022284
Kr92;0.017607;0.0031307
Kr93;0.0061623;0.001905
Kr94;0.0018016;6.5765E-4
Kr95;2.7009E-4;9.9913E-5
Kr96;4.1898E-5;1.5137E-5
Kr97;4.3988E-6;1.5429E-6
Kr98;8.2286E-7;2.8852E-7
Rb85;0.013224;1.4555E-4
Rb86;2.1763E-6;5.5315E-7
Rb86m;1.3987E-6;4.8323E-7
Rb87;0.025813;3.549E-4
Rb88;0.035344;7.9994E-4
Rb89;0.047163;6.6167E-4
Rb90;0.042218;0.001353
Rb90m;0.01377;0.001916
Rb91;0.054146;6.8873E-4
Rb92;0.043714;0.0018615
Rb93;0.033297;0.0027665
Rb94;0.015949;0.0032872
Rb95;0.0084877;0.0024159
Rb96;0.0016129;4.0785E-4
Rb96m;0.0010753;3.6776E-4
Rb97;5.8949E-4;2.0197E-4
Rb98;2.9209E-5;1.0229E-5
Rb98m;2.9974E-5;1.0233E-5
Rb99;6.56E-6;2.3678E-6
Rb100;6.7127E-9;2.5522E-9
Sr86;2.1762E-6;5.5312E-7
Sr87;1.7667E-9;5.2715E-10
Sr87m;3.3197E-10;1.1873E-10
Sr88;0.035358;7.9994E-4
Sr89;0.047288;6.6275E-4
Sr90;0.056759;0.0013068
Sr91;0.058463;4.6929E-4
Sr92;0.060284;5.4E-4
Sr93;0.063492;6.9685E-4
Sr94;0.061129;7.6864E-4
Sr95;0.053262;0.0011649
Sr96;0.040249;0.0019256
Sr97;0.018877;0.0029999
Sr98;0.0076232;0.0020092
Sr99;0.0019173;6.4949E-4
Sr100;4.437E-4;1.6636E-4
Sr101;3.6656E-5;1.3457E-5
Sr102;1.1617E-6;4.1598E-7
Sr103;7.1962E-10;2.5962E-10
Y89;0.047288;6.6275E-4
Y89m;4.5581E-6;4.4405E-7
Y90;0.056763;0.0013069
Y90m;1.9046E-6;7.2903E-7
Y91;0.058481;4.6858E-4
Y91m;0.034412;0.0017106
Y92;0.060404;5.4E-4
Y93;0.064452;6.9685E-4
Y93m;0.016721;0.0014662
Y94;0.063937;7.1101E-4
Y95;0.064038;6.5784E-4
Y96;0.04656;0.001533
Y96m;0.011347;0.0024114
Y97;0.021646;0.0024624
Y97m;0.025212;0.0019861
Y97n;0.0049552;8.0754E-4
Y98;0.011925;0.00198
Y98m;0.01809;0.0026562
Y99;0.021294;0.0031123
Y100;0.0043265;0.0012171
Y100m;0.0038862;0.001216
Y101;0.0030072;9.6744E-4
Y102;2.6986E-4;9.4381E-5
Y102m;2.6986E-4;9.4381E-5
Y103;7.1713E-5;2.5738E-5
Y104;6.4808E-6;2.4373E-6
Y105;2.5041E-9;1.0211E-9
Zr90;0.056763;0.0013069
Zr90m;3.4282E-11;1.3123E-11
Zr91;0.058481;4.6858E-4
Zr92;0.060407;5.4E-4
Zr93;0.064474;6.9685E-4
Zr94;0.064114;7.1062E-4
Zr95;0.065042;6.5244E-4
Zr96;0.063064;8.1985E-4
Zr97;0.059809;7.1376E-4
Zr98;0.056787;8.0362E-4
Zr99;0.057573;8.808E-4
Zr100;0.053928;0.0010807
Zr101;0.033086;0.0016831
Zr102;0.017916;0.0020273
Zr103;0.004484;0.0011452
Zr104;0.0010244;3.3792E-4
Zr105;7.1932E-5;2.8801E-5
Zr106;8.0296E-6;3.6933E-6
Zr107;2.1572E-9;8.6312E-10
Zr108;2.1585E-11;8.2659E-12
Nb95;0.065006;6.5232E-4
Nb95m;7.032E-4;6.9778E-5
Nb96;1.5159E-5;5.4785E-6
Nb97;0.059961;7.1376E-4
Nb97m;0.056875;7.2842E-4
Nb98;0.056961;8.0337E-4
Nb98m;5.2697E-4;1.8242E-4
Nb99;0.039811;0.0016766
Nb99m;0.021878;0.0016735
Nb100;0.055398;0.0010397
Nb100m;0.0061842;0.0019518
Nb101;0.048977;8.0286E-4
Nb102;0.026863;0.0015117
Nb102m;0.0089475;0.0014314
Nb103;0.02165;0.0010023
Nb104;0.0043567;6.6442E-4
Nb104m;0.0033313;6.4694E-4
Nb105;0.0024144;5.143E-4
Nb106;3.3154E-4;1.2102E-4
Nb107;5.0044E-5;1.8408E-5
Nb108;4.8336E-6;1.8167E-6
Nb109;1.5906E-6;5.8877E-7
Nb110;7.4167E-11;2.8608E-11
Mo95;0.065045;6.5241E-4
Mo96;1.5159E-5;5.4785E-6
Mo97;0.059962;7.1376E-4
Mo98;0.057513;8.059E-4
Mo99;0.061399;7.9864E-4
Mo100;0.062549;0.0010008
Mo101;0.051782;7.7655E-4
Mo102;0.042853;6.4291E-4
Mo103;0.030817;6.4819E-4
Mo104;0.018246;2.2675E-4
Mo105;0.008601;1.3769E-4
Mo106;0.003397;9.7647E-5
Mo107;7.0595E-4;7.2162E-5
Mo108;1.6122E-4;3.1486E-5
Mo109;3.6202E-5;1.016E-5
Mo110;3.6146E-6;1.3551E-6
Mo111;1.6438E-8;5.8446E-9
Mo112;5.1885E-10;1.9627E-10
Mo113;7.5228E-12;2.7812E-12
Tc99;0.061397;7.9852E-4
Tc99m;0.054068;8.9965E-4
Tc100;1.0741E-8;4.0835E-9
Tc101;0.051793;7.7655E-4
Tc102;0.042895;6.4346E-4
Tc102m;4.1808E-5;1.5129E-5
Tc103;0.031114;6.534E-4
Tc104;0.018808;2.2548E-4
Tc105;0.0094468;1.0421E-4
Tc106;0.0040417;9.3201E-5
Tc107;0.0013192;5.752E-5
Tc108;4.8087E-4;3.066E-5
Tc109;1.9053E-4;1.8251E-5
Tc110;9.4446E-5;1.7371E-5
Tc111;3.673E-5;8.5871E-6
Tc112;4.3599E-6;1.533E-6
Tc113;1.4882E-6;5.3915E-7
Tc114;1.0588E-6;3.7725E-7
Tc115;8.4259E-11;3.1761E-11
Ru99;2.0005E-6;1.6958E-7
Ru100;1.0741E-8;4.0835E-9
Ru101;0.051793;7.7655E-4
Ru102;0.042939;6.4408E-4
Ru103;0.031118;6.5348E-4
Ru103m;2.5041E-6;9.1332E-7
Ru104;0.018832;2.2548E-4
Ru105;0.0094881;1.0441E-4
Ru106;0.0040958;9.4211E-5
Ru107;0.0013872;5.9651E-5
Ru108;5.6465E-4;3.3882E-5
Ru109;2.7986E-4;2.2401E-5
Ru110;2.3469E-4;2.5874E-5
Ru111;1.4825E-4;7.336E-6
Ru112;7.5925E-5;6.8191E-6
Ru113;3.1944E-5;5.6379E-6
Ru113m;2.0329E-5;5.2731E-6
Ru114;2.0198E-5;5.2334E-6
Ru115;3.7955E-6;1.3502E-6
Ru116;2.7003E-6;1.0326E-6
Ru117;5.0059E-10;1.901E-10
Ru118;1.7875E-11;7.5203E-12
Ru119;6.6446E-8;2.4586E-8
Ru120;5.3615E-9;2.0608E-9
Rh103;0.031118;6.5348E-4
Rh103m;0.030745;6.4721E-4
Rh105;0.0094881;1.044E-4
Rh105m;0.0026935;2.2341E-4
Rh106;0.0040958;9.4212E-5
Rh106m;1.2305E-8;5.6907E-9
Rh107;0.0013875;5.9664E-5
Rh108;5.6554E-4;3.3934E-5
Rh108m;2.6812E-6;1.0279E-6
Rh109;2.8457E-4;2.2766E-5
Rh110;2.4672E-4;2.7139E-5
Rh110m;3.2113E-7;1.2198E-7
Rh111;1.8961E-4;6.8794E-6
Rh112;9.2388E-5;7.1671E-6
Rh112m;1.6463E-5;4.3517E-6
Rh113;1.3046E-4;8.9726E-6
Rh114;4.4622E-5;6.1333E-6
Rh114m;2.4416E-5;4.9957E-6
Rh115;5.4603E-5;7.2767E-6
Rh116;7.9535E-6;2.1095E-6
Rh116m;1.2373E-5;4.1642E-6
Rh117;7.6089E-6;2.6351E-6
Rh118;3.9804E-6;1.6239E-6
Rh119;2.0086E-5;6.075E-6
Rh120;2.4872E-6;9.3112E-7
Rh121;3.8236E-7;1.4162E-7
Rh122;1.8085E-8;6.8607E-9
Pd105;0.0094881;1.044E-4
Pd106;0.0040958;9.4212E-5
Pd107;0.0013875;5.9664E-5
Pd108;5.6823E-4;3.408E-5
Pd109;2.8458E-4;2.2767E-5
Pd109m;1.4229E-4;1.5217E-5
Pd110;2.4729E-4;2.7202E-5
Pd111;1.9523E-4;7.0304E-6
Pd111m;5.3761E-6;1.5775E-6
Pd112;1.1739E-4;8.4523E-6
Pd113;1.5673E-4;1.0189E-5
Pd113m;1.8572E-5;5.4318E-6
Pd114;1.2689E-4;7.7417E-6
Pd115;6.8954E-5;6.6167E-6
Pd115m;4.329E-5;5.8218E-6
Pd116;1.4012E-4;9.5153E-6
Pd117;7.4734E-5;1.0745E-5
Pd117m;4.3737E-5;8.1535E-6
Pd118;7.6495E-5;2.016E-5
Pd119;4.5614E-5;9.5669E-6
Pd120;1.6104E-5;4.8026E-6
Pd121;1.6524E-6;4.9887E-7
Pd122;1.2837E-5;4.2647E-6
Pd123;9.0631E-7;3.2677E-7
Pd124;2.2504E-7;8.1572E-8
Ag109;2.8458E-4;2.2767E-5
Ag109m;2.8444E-4;2.2756E-5
Ag110;5.2842E-12;1.9814E-12
Ag110m;1.1995E-11;4.6267E-12
Ag111;1.9571E-4;7.0465E-6
Ag111m;1.9489E-4;7.0192E-6
Ag112;1.1741E-4;8.4528E-6
Ag113;1.0372E-4;7.7373E-6
Ag113m;1.5136E-4;9.8664E-6
Ag114;1.2795E-4;7.8048E-6
Ag114m;8.5153E-7;3.0522E-7
Ag115;6.3798E-5;5.8853E-6
Ag115m;6.1719E-5;5.8037E-6
Ag116;1.4559E-4;9.8173E-6
Ag116m;1.1234E-5;3.892E-6
Ag117;4.892E-5;7.2776E-6
Ag117m;8.1107E-5;1.158E-5
Ag118;9.6159E-5;2.4009E-5
Ag118m;5.1251E-5;1.4394E-5
Ag119;3.325E-5;6.3577E-6
Ag119m;9.1121E-5;1.4447E-5
Ag120;4.4914E-5;8.6246E-6
Ag120m;3.9574E-5;8.8309E-6
Ag121;3.1239E-5;6.9002E-6
Ag122;2.0109E-5;4.8434E-6
Ag122m;6.5502E-6;2.2556E-6
Ag123;3.4763E-6;9.6269E-7
Ag124;5.4071E-6;1.3713E-6
Ag124m;3.2183E-6;1.1174E-6
Ag125;3.483E-6;1.1829E-6
Ag126;1.3673E-6;4.5492E-7
Ag127;9.3548E-7;3.0367E-7
Ag128;1.589E-8;5.239E-9
Ag129;9.9181E-10;3.425E-10
Cd110;1.71E-11;5.1224E-12
Cd111;1.9669E-4;7.0776E-6
Cd112;1.1741E-4;8.4528E-6
Cd113;1.5641E-4;1.0168E-5
Cd113m;1.7932E-6;2.2158E-7
Cd114;1.2795E-4;7.805E-6
Cd115;1.0747E-4;7.9653E-6
Cd115m;5.1329E-6;6.1118E-7
Cd116;1.5883E-4;1.0642E-5
Cd117;9.8657E-5;1.3208E-5
Cd117m;2.9338E-5;4.5308E-6
Cd118;1.4862E-4;3.6263E-5
Cd119;1.1753E-4;1.7429E-5
Cd119m;4.0238E-5;7.9993E-6
Cd120;1.477E-4;2.3492E-5
Cd121;5.2291E-5;5.6303E-6
Cd121m;6.1967E-5;4.9615E-6
Cd122;1.493E-4;1.281E-5
Cd123;2.3287E-5;3.6645E-6
Cd123m;4.998E-5;6.8198E-6
Cd124;1.3483E-4;1.3491E-5
Cd125;3.6477E-5;6.5633E-6
Cd125m;8.5597E-5;1.3038E-5
Cd126;1.9013E-4;2.5551E-5
Cd127;1.4866E-4;3.0655E-5
Cd128;8.754E-5;2.3386E-5
Cd129;8.4958E-6;2.7316E-6
Cd129m;2.0509E-5;6.5848E-6
Cd130;1.1133E-5;3.9887E-6
Cd131;2.11E-8;7.3724E-9
In113;1.7907E-6;2.2128E-7
In115;1.0723E-4;7.9474E-6
In115m;1.0747E-4;7.9653E-6
In116;9.6944E-11;3.8178E-11
In116m;2.9251E-10;8.2634E-11
In116n;1.4392E-10;5.6676E-11
In117;7.9946E-5;1.0731E-5
In117m;9.0861E-5;1.2264E-5
In118;1.4867E-4;3.6275E-5
In118m;1.4623E-7;5.0264E-8
In118n;7.2444E-8;3.0464E-8
In119;5.7522E-5;9.6048E-6
In119m;1.0619E-4;1.597E-5
In120;1.4948E-4;2.3772E-5
In120m;1.7847E-6;6.7454E-7
In120n;1.7847E-6;6.7454E-7
In121;9.0363E-5;4.9338E-6
In121m;3.707E-5;4.4481E-6
In122;1.6226E-4;1.3631E-5
In122m;9.195E-6;3.1303E-6
In122n;9.195E-6;3.1303E-6
In123;1.0391E-4;6.793E-6
In123m;2.7627E-5;3.4426E-6
In124;1.7424E-4;1.3381E-5
In124m;3.5503E-5;8.897E-6
In125;2.0859E-4;1.2546E-5
In125m;4.3418E-5;5.8286E-6
In126;3.03E-4;2.3989E-5
In126m;1.0168E-4;2.0345E-5
In127;4.3325E-4;6.5118E-5
In127m;2.4883E-4;3.4243E-5
In128;5.0518E-4;7.5525E-5
In128m;2.0836E-4;3.767E-5
In128n;3.762E-4;8.8223E-5
In129;8.329E-4;1.9731E-4
In129m;1.9649E-4;4.9614E-5
In130;1.594E-4;4.8243E-5
In130m;1.6604E-4;5.3579E-5
In130n;2.825E-4;9.0605E-5
In131;6.8436E-5;2.2727E-5
In131m;6.7727E-5;2.2726E-5
In131n;6.7727E-5;2.2726E-5
In132;1.0603E-5;3.6307E-6
In133;5.7453E-7;1.7087E-7
In133m;1.079E-7;3.8473E-8
In134;6.9594E-9;2.6605E-9
Sn115;5.3736E-6;6.1175E-7
Sn116;3.8945E-10;9.2415E-11
Sn117;1.2801E-4;1.6883E-5
Sn117m;2.7238E-7;4.0066E-8
Sn118;1.4882E-4;3.6311E-5
Sn119;1.5777E-4;2.2852E-5
Sn119m;5.1966E-5;8.7979E-6
Sn120;1.5305E-4;2.4335E-5
Sn121;1.247E-4;5.7389E-6
Sn121m;1.0237E-5;1.0689E-6
Sn122;1.8403E-4;1.5272E-5
Sn123;1.2399E-5;1.8975E-6
Sn123m;1.2547E-4;7.0203E-6
Sn124;2.4944E-4;1.5712E-5
Sn125;6.8828E-5;9.5584E-6
Sn125m;2.3068E-4;1.1404E-5
Sn126;5.7694E-4;1.8478E-5
Sn127;5.437E-4;5.725E-5
Sn127m;6.6676E-4;4.6953E-5
Sn128;0.0031421;8.9015E-5
Sn128m;0.0019605;9.9211E-5
Sn129;0.002626;1.8907E-4
Sn129m;0.004157;2.2301E-4
Sn130;0.0040422;4.607E-4
Sn130m;0.0087521;7.9522E-4
Sn131;0.0034621;5.8363E-4
Sn131m;0.0081118;0.001155
Sn132;0.0073783;0.0015559
Sn133;9.5871E-4;3.2615E-4
Sn134;1.0888E-4;4.1411E-5
Sn135;9.9098E-6;3.6346E-6
Sn136;8.9273E-7;3.1356E-7
Sb121;1.2699E-4;5.8415E-6
Sb123;1.3787E-4;7.5828E-6
Sb124;6.3171E-11;1.3946E-11
Sb124m;4.8372E-11;1.2742E-11
Sb124n;2.781E-11;1.0101E-11
Sb125;3.0295E-4;1.2724E-5
Sb126;3.7205E-6;1.0129E-6
Sb126m;5.1243E-6;1.2152E-6
Sb126n;2.9039E-6;9.6468E-7
Sb127;0.0012392;5.4524E-5
Sb128;0.0032167;9.0462E-5
Sb128m;1.2002E-4;3.7544E-5
Sb129;0.0058772;1.876E-4
Sb129m;0.0025604;1.8636E-4
Sb130;0.010951;7.6339E-4
Sb130m;0.006909;7.2518E-4
Sb131;0.024871;5.7147E-4
Sb132;0.019169;0.0016126
Sb132m;0.0086897;0.0012868
Sb133;0.025119;0.0030698
Sb134;0.0020108;6.445E-4
Sb134m;0.0044967;0.0014579
Sb135;0.0014127;4.9125E-4
Sb136;2.1525E-4;7.4811E-5
Sb137;2.2588E-5;8.0377E-6
Sb138;3.9392E-7;1.4705E-7
Sb139;1.2132E-8;4.3959E-9
Te124;7.5264E-11;1.4516E-11
Te125;3.0295E-4;1.2724E-5
Te125m;6.7791E-5;5.6132E-6
Te126;8.1274E-6;1.4578E-6
Te127;0.0012361;5.4391E-5
Te127m;2.0553E-4;1.9066E-5
Te128;0.0033378;9.346E-5
Te129;0.0069681;1.8246E-4
Te129m;0.00316;1.5819E-4
Te130;0.018663;0.001045
Te131;0.0252;5.262E-4
Te131m;0.0050387;8.4492E-4
Te132;0.0429;4.7304E-4
Te133;0.037949;0.0019884
Te133m;0.032195;0.0019878
Te134;0.069727;0.0010756
Te135;0.036003;0.0025943
Te136;0.016843;0.0031017
Te137;0.0048555;0.0014738
Te138;0.0011284;4.0772E-4
Te139;1.6978E-4;6.1219E-5
Te140;2.4771E-5;8.7075E-6
Te141;6.0694E-8;2.1093E-8
Te142;2.3177E-9;8.2631E-10
I127;0.001241;5.4605E-5
I129;0.0081374;2.0342E-4
I130;2.0536E-6;5.9847E-7
I130m;6.4534E-7;2.388E-7
I131;0.02921;4.0894E-4
I132;0.043167;4.7485E-4
I132m;1.205E-4;4.1136E-5
I133;0.066491;0.0011968
I133m;7.5174E-4;2.6203E-4
I134;0.077325;0.0010826
I134m;0.0032557;0.0011141
I135;0.060638;0.0017884
I136;0.026006;0.0027028
I136m;0.021364;0.0025667
I137;0.031807;0.0027282
I138;0.013476;0.0030859
I139;0.0075544;0.0021407
I140;0.0019561;6.4603E-4
I141;4.6849E-4;1.607E-4
I142;4.6775E-5;1.6656E-5
I143;4.3187E-6;1.6026E-6
I144;7.4082E-9;2.7326E-9
Xe130;2.1569E-6;6.0079E-7
Xe131;0.02921;4.0894E-4
Xe131m;3.1728E-4;3.2061E-5
Xe132;0.043188;4.7507E-4
Xe132m;1.8748E-6;6.4323E-7
Xe133;0.066534;0.0011972
Xe133m;0.0019226;1.517E-4
Xe134;0.07775;0.0010857
Xe134m;3.2015E-4;9.6947E-5
Xe135;0.063064;0.001829
Xe135m;0.011776;0.0012029
Xe136;0.065465;0.0012029
Xe137;0.060086;6.5821E-4
Xe138;0.063328;7.614E-4
Xe139;0.050429;0.0011904
Xe140;0.040216;0.0019261
Xe141;0.019848;0.0030963
Xe142;0.0068859;0.0019969
Xe143;0.0018248;6.4892E-4
Xe144;3.1546E-4;1.156E-4
Xe145;3.1727E-5;1.0894E-5
Xe146;5.5535E-6;1.8581E-6
Xe147;5.3848E-10;1.8653E-10
Cs133;0.066534;0.0011972
Cs134;1.7398E-8;4.7597E-9
Cs134m;7.382E-9;2.8221E-9
Cs135;0.063135;0.001831
Cs135m;3.4162E-7;1.2536E-7
Cs136;2.9113E-5;8.2399E-6
Cs136m;1.3195E-5;4.6316E-6
Cs137;0.060897;6.3284E-4
Cs138;0.066316;7.3109E-4
Cs138m;0.0019723;6.8498E-4
Cs139;0.062378;5.7868E-4
Cs140;0.058418;8.0371E-4
Cs141;0.048944;0.0013377
Cs142;0.030208;0.0026428
Cs143;0.017498;0.0032287
Cs144;0.0054563;0.001214
Cs144m;0.0034335;0.001126
Cs145;0.0019986;6.3546E-4
Cs146;3.2863E-4;1.0694E-4
Cs147;6.6509E-5;2.2967E-5
Cs148;2.7207E-6;1.0027E-6
Cs149;2.8062E-9;9.9997E-10
Ba134;1.7398E-8;4.7597E-9
Ba136;3.6604E-5;8.5708E-6
Ba136m;6.2561E-7;2.1975E-7
Ba137;0.060904;6.3022E-4
Ba137m;0.057492;7.9292E-4
Ba138;0.06683;7.3514E-4
Ba139;0.063232;5.7179E-4
Ba140;0.063444;6.3449E-4
Ba141;0.058539;8.1987E-4
Ba142;0.058116;7.5554E-4
Ba143;0.057319;7.3408E-4
Ba144;0.048702;6.0089E-4
Ba145;0.025313;0.0011948
Ba146;0.011072;0.0016096
Ba147;0.0039363;0.0010374
Ba148;8.7716E-4;3.0476E-4
Ba149;1.2213E-4;4.2968E-5
Ba150;1.0524E-5;3.499E-6
Ba151;6.6796E-9;2.1969E-9
Ba152;1.0153E-10;3.5643E-11
La139;0.063232;5.7179E-4
La140;0.06345;6.3455E-4
La141;0.058646;8.211E-4
La142;0.058433;7.5621E-4
La143;0.059475;7.1393E-4
La144;0.054369;4.8989E-4
La145;0.038021;4.2614E-4
La146;0.015713;0.0012983
La146m;0.0083474;0.0011965
La147;0.013403;9.5243E-4
La148;0.0055743;9.676E-4
La149;0.0019844;5.0678E-4
La150;4.9835E-4;1.4836E-4
La151;8.6574E-5;2.7851E-5
La152;1.1309E-5;3.9511E-6
La153;2.2026E-8;8.5217E-9
La154;1.3004E-10;5.5239E-11
Ce140;0.06345;6.3455E-4
Ce141;0.058646;8.211E-4
Ce142;0.058444;7.5621E-4
Ce143;0.059522;7.1439E-4
Ce144;0.054781;4.9212E-4
Ce145;0.039558;3.9646E-4
Ce146;0.029949;2.9955E-4
Ce147;0.022347;3.8027E-4
Ce148;0.016538;1.2393E-4
Ce149;0.0092683;2.1776E-4
Ce150;0.0047323;1.4491E-4
Ce151;0.0018751;2.2119E-4
Ce152;5.2831E-4;1.3246E-4
Ce153;7.901E-5;2.8481E-5
Ce154;8.3778E-6;3.5E-6
Ce155;1.7006E-8;7.1034E-9
Ce156;3.784E-10;1.4389E-10
Ce157;1.5657E-12;5.6751E-13
Pr141;0.058646;8.211E-4
Pr143;0.059522;7.1439E-4
Pr144;0.05478;4.9212E-4
Pr144m;7.5595E-4;5.7122E-5
Pr145;0.03956;3.9646E-4
Pr146;0.029969;2.9971E-4
Pr147;0.022464;3.8189E-4
Pr148;0.01661;1.2156E-4
Pr148m;3.0243E-4;1.0115E-4
Pr149;0.01023;2.1491E-4
Pr150;0.0063058;6.7242E-5
Pr151;0.0037162;1.14E-4
Pr152;0.0015893;1.0503E-4
Pr153;5.5369E-4;8.6725E-5
Pr154;1.2136E-4;3.6161E-5
Pr155;2.6209E-5;9.3523E-6
Pr156;2.9165E-6;1.065E-6
Pr157;3.1518E-8;1.1414E-8
Pr158;2.1533E-10;8.635E-11
Pr159;3.7559E-12;1.3864E-12
Nd143;0.059522;7.1439E-4
Nd144;0.054781;4.9212E-4
Nd145;0.03956;3.9646E-4
Nd146;0.029969;2.9971E-4
Nd147;0.022465;3.8191E-4
Nd148;0.016927;1.183E-4
Nd149;0.010276;2.1579E-4
Nd150;0.0065377;6.5391E-5
Nd151;0.0042889;1.0293E-4
Nd152;0.0025328;3.0417E-5
Nd153;0.0014471;4.7832E-5
Nd154;7.0198E-4;2.2639E-5
Nd155;2.6926E-4;1.0252E-5
Nd156;9.1824E-5;4.0989E-6
Nd157;2.2803E-5;3.9879E-6
Nd158;2.9959E-6;9.4341E-7
Nd159;1.1725E-8;4.3184E-9
Nd160;4.9816E-10;7.9047E-10
Pm147;0.022465;3.8191E-4
Pm149;0.010276;2.1579E-4
Pm150;9.5514E-7;3.1881E-7
Pm151;0.00429;1.0294E-4
Pm152;0.0025345;3.0429E-5
Pm152m;3.4457E-6;1.2426E-6
Pm152n;3.8113E-6;1.3742E-6
Pm153;0.0014674;4.8424E-5
Pm154;7.1668E-4;2.298E-5
Pm154m;1.4698E-5;6.7583E-6
Pm155;3.0282E-4;1.0929E-5
Pm156;1.2674E-4;2.2333E-6
Pm157;5.0185E-5;4.0539E-6
Pm158;8.9152E-6;1.6326E-6
Pm159;3.0573E-6;6.4428E-7
Pm160;1.3336E-7;2.0797E-7
Pm161;3.2081E-9;1.2202E-9
Pm162;2.0371E-10;3.0957E-10
Pm163;5.557E-12;8.2677E-12
Sm147;0.022465;3.8191E-4
Sm149;0.010276;2.1579E-4
Sm150;9.5514E-7;3.1881E-7
Sm151;0.00429;1.0294E-4
Sm152;0.0025417;3.0501E-5
Sm153;0.0014674;4.8426E-5
Sm153m;3.381E-8;1.3083E-8
Sm154;7.3231E-4;2.3434E-5
Sm155;3.1142E-4;1.1207E-5
Sm156;1.3431E-4;2.1489E-6
Sm157;6.5924E-5;4.6148E-6
Sm158;1.9209E-5;2.5939E-6
Sm159;9.1381E-6;5.8929E-7
Sm160;3.6283E-6;4.2331E-6
Sm161;4.4422E-7;5.4856E-8
Sm162;8.2945E-8;1.1662E-7
Sm163;3.5326E-9;5.2103E-9
Sm164;2.2718E-10;3.3573E-10
Sm165;3.7584E-12;5.5142E-12
Eu151;0.00429;1.0294E-4
Eu153;0.0014674;4.8426E-5
Eu154;5.7794E-11;1.7433E-11
Eu154m;2.7389E-11;1.1635E-11
Eu155;3.1142E-4;1.1207E-5
Eu156;1.3432E-4;2.1492E-6
Eu157;6.6185E-5;4.6329E-6
Eu158;1.9595E-5;2.6453E-6
Eu159;1.0633E-5;6.4861E-7
Eu160;4.3268E-6;4.9977E-6
Eu161;7.9123E-7;6.4967E-8
Eu162;3.9807E-7;4.3561E-7
Eu163;1.461E-7;1.6223E-7
Eu164;1.3201E-8;1.8073E-8
Eu165;2.6921E-9;3.8163E-9
Eu166;9.4087E-11;1.3733E-10
Eu167;4.5226E-12;6.6393E-12
Gd154;5.7782E-11;1.7429E-11
Gd155;3.1142E-4;1.1207E-5
Gd156;1.3432E-4;2.1492E-6
Gd157;6.6185E-5;4.6329E-6
Gd158;1.9596E-5;2.6454E-6
Gd159;1.0639E-5;6.4897E-7
Gd160;4.3804E-6;5.0594E-6
Gd161;8.1282E-7;6.6652E-8
Gd162;5.9313E-7;6.2694E-7
Gd163;2.4632E-7;2.5254E-7
Gd164;9.9115E-8;1.0055E-7
Gd165;2.4509E-8;2.678E-8
Gd166;8.5788E-9;9.8663E-9
Gd167;6.0295E-10;8.4523E-10
Gd168;8.4457E-11;1.2192E-10
Gd169;2.4667E-12;3.6022E-12
Tb159;1.0639E-5;6.4897E-7
Tb160;1.8517E-11;2.9384E-11
Tb161;8.1292E-7;6.6658E-8
Tb162;5.9446E-7;6.2834E-7
Tb163;2.5412E-7;2.6045E-7
Tb164;1.0758E-7;1.0887E-7
Tb165;4.5134E-8;4.5451E-8
Tb166;1.7631E-8;1.7731E-8
Tb167;6.7842E-9;6.8769E-9
Tb168;1.2028E-9;1.4212E-9
Tb169;3.8138E-10;4.7938E-10
Tb170;2.0E-11;2.8777E-11
Tb171;2.098E-12;3.0608E-12
Dy160;1.8517E-11;2.9384E-11
Dy161;8.1292E-7;6.6658E-8
Dy162;5.9446E-7;6.2834E-7
Dy163;2.5413E-7;2.6045E-7
Dy164;1.0767E-7;1.0896E-7
Dy165;4.545E-8;4.5768E-8
Dy165m;4.1988E-11;6.1558E-11
Dy166;1.9156E-8;1.9233E-8
Dy167;8.0461E-9;8.0702E-9
Dy168;3.3429E-9;3.3498E-9
Dy169;1.2085E-9;1.2194E-9
Dy170;4.5928E-10;4.7206E-10
Dy171;6.3951E-11;8.0396E-11
Dy172;1.694E-11;2.2625E-11
Ho165;4.5451E-8;4.5768E-8
Ho166;1.9157E-8;1.9234E-8
Ho166m;1.5702E-12;2.2983E-12
Ho167;8.0691E-9;8.0932E-9
Ho168;3.3973E-9;3.4041E-9
Ho168m;3.2014E-11;4.661E-11
Ho169;1.4296E-9;1.4325E-9
Ho170;9.6094E-11;1.2839E-10
Ho170m;5.0031E-10;5.0694E-10
Ho171;2.4351E-10;2.4412E-10
Ho172;7.4519E-11;7.6914E-11
Ho173;2.6367E-11;2.8642E-11
Ho174;2.5281E-12;3.434E-12
Er166;1.9157E-8;1.9234E-8
Er167;8.0691E-9;8.0932E-9
Er167m;9.6419E-10;1.178E-9
Er168;3.3974E-9;3.4042E-9
Er169;1.4296E-9;1.4325E-9
Er170;6.0208E-10;6.0328E-10
Er171;2.5345E-10;2.5396E-10
Er172;1.0647E-10;1.0668E-10
Er173;4.3033E-11;4.314E-11
Er174;1.7527E-11;1.7545E-11
Er175;3.9805E-12;4.4765E-12
Er176;1.5845E-12;1.7949E-12
Tm169;1.4296E-9;1.4325E-9
Tm171;2.5345E-10;2.5396E-10
Tm172;1.0647E-10;1.0668E-10
Tm173;4.4181E-11;4.4273E-11
Tm174;1.8847E-11;1.8828E-11
Tm175;7.3616E-12;7.3873E-12
Tm176;3.1031E-12;3.0952E-12
Tm177;1.089E-12;1.1184E-12
Yb171;2.5345E-10;2.5396E-10
Yb172;1.0647E-10;1.0668E-10
Yb173;4.4181E-11;4.4273E-11
Yb174;1.8847E-11;1.8828E-11
Yb175;7.3616E-12;7.3834E-12
Yb175m;5.6684E-12;5.8022E-12
Yb176;2.9479E-12;2.9418E-12
Yb176m;1.5515E-12;1.6591E-12
Yb177;1.089E-12;1.1184E-12
Yb177m;1.089E-12;1.1184E-12
Lu175;7.3616E-12;7.3834E-12
Lu177;1.089E-12;1.1184E-12
Hf177;1.089E-12;1.1184E-12
